{
   "accessControl":"NONE",
   "tiers":[
      "Unlimited"
   ],
   "description":"Searches for items of itemtype DokumentProduktu; mdr ver: 1.1.0",
   "type":"HTTP",
   "sequences":[

   ],
   "visibleRoles":[

   ],
   "corsConfiguration":{
      "accessControlAllowOrigins":[
         "*"
      ],
      "accessControlAllowCredentials":false,
      "corsConfigurationEnabled":false,
      "accessControlAllowHeaders":[
         "authorization",
         "Access-Control-Allow-Origin",
         "Content-Type",
         "SOAPAction"
      ],
      "accessControlAllowMethods":[
         "GET",
         "PUT",
         "POST",
         "DELETE",
         "PATCH",
         "OPTIONS"
      ]
   },
   "subscriptionAvailability":"all_tenants",
   "endpointConfig":"{\"production_endpoints\":{\"url\":\"http:\/\/localhost:8280\/services\/Version\",\"config\":null},\"sandbox_endpoints\":{\"url\":\"http:\/\/localhost:8280\/services\/Version\",\"config\":null},\"endpoint_type\":\"http\"}",
   "context":"/DMS/GET_I_DokumentProduktu",
   "wsdlUri":null,
   "accessControlRoles":[

   ],
   "version":"001",
   "endpointSecurity":null,
   "tags":[

   ],
   "apiLevelPolicy":null,
   "visibleTenants":[

   ],
   "cacheTimeout":300,
   "isDefaultVersion":false,
   "businessInformation":{
      "technicalOwnerEmail":null,
      "businessOwnerEmail":null,
      "businessOwner":null,
      "technicalOwner":null
   },
   "name":"GET_I_DokumentProduktu",
   "destinationStatsEnabled":null,
   "additionalProperties":{

   },
   "responseCaching":"Disabled",
   "maxTps":null,
   "subscriptionAvailableTenants":[

   ]
}