<?xml version="1.0" encoding="UTF-8"?>
<project xsi:schemaLocation="http://maven.apache.org/POM/4.0.0 http://maven.apache.org/xsd/maven-4.0.0.xsd" xmlns="http://maven.apache.org/POM/4.0.0"
    xmlns:xsi="http://www.w3.org/2001/XMLSchema-instance">
  <modelVersion>4.0.0</modelVersion>
  <parent>
    <groupId>cz.moneta.wso2.backoffice_cluster</groupId>
    <artifactId>apis</artifactId>
    <version>1.32-SNAPSHOT</version>
    <relativePath>..\pom.xml</relativePath>
  </parent>
  <groupId>cz.moneta.wso2.backoffice_cluster.apis</groupId>
  <artifactId>GET_I_DocumentProduktu</artifactId>
  <version>1.0.0</version>
  <packaging>pom</packaging>
  <name>GET_I_DocumentProduktu</name>
  <description>GET_I_DocumentProduktu</description>
  <modules>
    <module>GET_I_DocumentProduktu-001</module>
  </modules>
  <build>
    <plugins>
      <plugin>
        <artifactId>maven-eclipse-plugin</artifactId>
        <version>2.9</version>
        <configuration>
          <buildcommands />
          <projectnatures>
            <projectnature>org.wso2.developerstudio.eclipse.mavenmultimodule.project.nature</projectnature>
          </projectnatures>
        </configuration>
      </plugin>
    </plugins>
  </build>
</project>
